runner_id,lat,lon,timestamp
0,37.777265,-122.449372,120
0,37.777217,-122.449621,240
0,37.77714,-122.449857,360
0,37.777065,-122.45007,480
0,37.777036,-122.45032,600
0,37.777012,-122.450571,720
0,37.776982,-122.450819,840
0,37.77696,-122.45106,960
0,37.776941,-122.451309,1080
0,37.776921,-122.451549,1200
0,37.776906,-122.451785,1320
0,37.776921,-122.452035,1440
0,37.776905,-122.452296,1560
0,37.776869,-122.452546,1680
0,37.776838,-122.452773,1800
0,37.776821,-122.453033,1920
0,37.776777,-122.453145,2040
0,37.776612,-122.453234,2160
0,37.776404,-122.453202,2280
0,37.776229,-122.453146,2400
0,37.776028,-122.453107,2520
0,37.775834,-122.453057,2640
0,37.775618,-122.45302,2760
0,37.775438,-122.452965,2880
0,37.775229,-122.452908,3000
0,37.775045,-122.452903,3120
0,37.77489,-122.453006,3240
0,37.774812,-122.453261,3360
0,37.774815,-122.453507,3480
0,37.774821,-122.453753,3600
0,37.774795,-122.453988,3720
0,37.77483,-122.454234,3840
0,37.774892,-122.454451,3960
0,37.774918,-122.454566,4080
0,37.774761,-122.454691,4200
0,37.774759,-122.454706,4320
0,37.774626,-122.454916,4440
0,37.774512,-122.455143,4560
0,37.774418,-122.455346,4680
0,37.774265,-122.455476,4800
0,37.77412,-122.455636,4920
0,37.774031,-122.455867,5040
0,37.773976,-122.456095,5160
0,37.773874,-122.456318,5280
0,37.773725,-122.456479,5400
0,37.773588,-122.456672,5520
0,37.773544,-122.456934,5640
0,37.773547,-122.457179,5760
0,37.773496,-122.457434,5880
0,37.773452,-122.457666,6000
0,37.773417,-122.457897,6120
0,37.773359,-122.458157,6240
0,37.77329,-122.458409,6360
0,37.773251,-122.458675,6480
0,37.773255,-122.458908,6600
0,37.773243,-122.459174,6720
0,37.77321,-122.459406,6840
0,37.773164,-122.45966,6960
0,37.773117,-122.459902,7080
0,37.773095,-122.460149,7200
0,37.77305,-122.460371,7320
0,37.77299,-122.460618,7440
0,37.77289,-122.460859,7560
0,37.772757,-122.46102,7680
0,37.772611,-122.461163,7800
0,37.772441,-122.461293,7920
0,37.772274,-122.461442,8040
0,37.772139,-122.46164,8160
0,37.772022,-122.461866,8280
0,37.771901,-122.462085,8400
0,37.771892,-122.462336,8520
0,37.771942,-122.462567,8640
0,37.771985,-122.462831,8760
0,37.772032,-122.463096,8880
0,37.772089,-122.463349,9000
0,37.772155,-122.463594,9120
0,37.772221,-122.46384,9240
0,37.772302,-122.464082,9360
0,37.772414,-122.464312,9480
0,37.772495,-122.464557,9600
0,37.772569,-122.464797,9720
0,37.772611,-122.465041,9840
0,37.772618,-122.465284,9960
0,37.772648,-122.465524,10080
0,37.772704,-122.465781,10200
0,37.772712,-122.46604,10320
0,37.772702,-122.466301,10440
0,37.772671,-122.466567,10560
0,37.77263,-122.466822,10680
0,37.772613,-122.467073,10800
0,37.772652,-122.467327,10920
0,37.772636,-122.467579,11040
0,37.772632,-122.467825,11160
0,37.772621,-122.468067,11280
0,37.772645,-122.468289,11400
0,37.772752,-122.46852,11520
0,37.772843,-122.468727,11640
0,37.772883,-122.468976,11760
0,37.772889,-122.469203,11880
0,37.772809,-122.469414,12000
0,37.772695,-122.469605,12120
0,37.772569,-122.469794,12240
0,37.772453,-122.469979,12360
0,37.772343,-122.47018,12480
0,37.772306,-122.470419,12600
0,37.772268,-122.470651,12720
0,37.772294,-122.470913,12840
0,37.772314,-122.470948,12960
0,37.772459,-122.471106,13080
0,37.77263,-122.471237,13200
0,37.772768,-122.471443,13320
0,37.772937,-122.47157,13440
0,37.773089,-122.471734,13560
0,37.773085,-122.471775,13680
0,37.772971,-122.47197,13800
0,37.7729,-122.472056,13920
0,37.772868,-122.472294,14040
0,37.772829,-122.472558,14160
0,37.772736,-122.472796,14280
0,37.772702,-122.473019,14400
0,37.772703,-122.473258,14520
0,37.772677,-122.473532,14640
0,37.772671,-122.473783,14760
0,37.772694,-122.47402,14880
0,37.772644,-122.474277,15000
0,37.772634,-122.474532,15120
0,37.772678,-122.474764,15240
0,37.772658,-122.475014,15360
0,37.772667,-122.475253,15480
0,37.772693,-122.475524,15600
0,37.772698,-122.475768,15720
0,37.772622,-122.476007,15840
0,37.772582,-122.476244,15960
0,37.772571,-122.476494,16080
0,37.772593,-122.476753,16200
0,37.772549,-122.477001,16320
0,37.772566,-122.477258,16440
0,37.772631,-122.477466,16560
0,37.772606,-122.477665,16680
0,37.77253,-122.477892,16800
0,37.772573,-122.478135,16920
0,37.772527,-122.478361,17040
0,37.772506,-122.478435,17160
0,37.772527,-122.478682,17280
0,37.772494,-122.478926,17400
0,37.772472,-122.479177,17520
0,37.772406,-122.479423,17640
0,37.772357,-122.479669,17760
0,37.772351,-122.479811,17880
0,37.772213,-122.48001,18000
0,37.772194,-122.480048,18120
0,37.772143,-122.480273,18240
0,37.772095,-122.480506,18360
0,37.77202,-122.480716,18480
0,37.771924,-122.480937,18600
0,37.771756,-122.48103,18720
0,37.771605,-122.481165,18840
0,37.771512,-122.481372,18960
0,37.771565,-122.481606,19080
0,37.771647,-122.481813,19200
0,37.771743,-122.482055,19320
0,37.771769,-122.482292,19440
0,37.771795,-122.482519,19560
0,37.771791,-122.482757,19680
0,37.77178,-122.482988,19800
0,37.771796,-122.48324,19920
0,37.771815,-122.483488,20040
0,37.771872,-122.483739,20160
0,37.771952,-122.483974,20280
0,37.772094,-122.484165,20400
0,37.772222,-122.484333,20520
0,37.772276,-122.484556,20640
0,37.772241,-122.484818,20760
0,37.772222,-122.485046,20880
0,37.772209,-122.485293,21000
0,37.772164,-122.485545,21120
0,37.772123,-122.485796,21240
0,37.772133,-122.486062,21360
0,37.772121,-122.486317,21480
0,37.772108,-122.486584,21600
0,37.772079,-122.486808,21720
0,37.77203,-122.487042,21840
0,37.772046,-122.487283,21960
0,37.772046,-122.487405,22080
0,37.772062,-122.487635,22200
0,37.772058,-122.487875,22320
0,37.772033,-122.488125,22440
0,37.772059,-122.488372,22560
0,37.772076,-122.488612,22680
0,37.772079,-122.488842,22800
0,37.772079,-122.489097,22920
0,37.772099,-122.489361,23040
0,37.772068,-122.489582,23160
0,37.772115,-122.489759,23280
0,37.772071,-122.489997,23400
0,37.772027,-122.490257,23520
0,37.771987,-122.49052,23640
0,37.771978,-122.490778,23760
0,37.771922,-122.490997,23880
0,37.771846,-122.491205,24000
0,37.771781,-122.491448,24120
0,37.771748,-122.491697,24240
0,37.771717,-122.491946,24360
0,37.771716,-122.492189,24480
0,37.771708,-122.492426,24600
0,37.77172,-122.492667,24720
0,37.771741,-122.49293,24840
0,37.771724,-122.493185,24960
0,37.771701,-122.493446,25080
0,37.771683,-122.493716,25200
0,37.771715,-122.493978,25320
0,37.771732,-122.494217,25440
0,37.771754,-122.494463,25560
0,37.771746,-122.494694,25680
0,37.771736,-122.494957,25800
0,37.771696,-122.495221,25920
0,37.771671,-122.495474,26040
0,37.771571,-122.495708,26160
0,37.771461,-122.495937,26280
0,37.771331,-122.496155,26400
0,37.771207,-122.496376,26520
0,37.771095,-122.496599,26640
0,37.770992,-122.496809,26760
0,37.770994,-122.497062,26880
0,37.771074,-122.497282,27000
0,37.771188,-122.497499,27120
0,37.771264,-122.497708,27240
0,37.77129,-122.497959,27360
0,37.771303,-122.498205,27480
0,37.771301,-122.498474,27600
0,37.771319,-122.498734,27720
0,37.771351,-122.498993,27840
0,37.771355,-122.499263,27960
0,37.771295,-122.49952,28080
0,37.7712,-122.499718,28200
0,37.77108,-122.499933,28320
0,37.770947,-122.500124,28440
0,37.770756,-122.500182,28560
0,37.770558,-122.500223,28680
0,37.770352,-122.50023,28800
0,37.770147,-122.500215,28920
0,37.769966,-122.500205,29040
0,37.769785,-122.50017,29160
0,37.769588,-122.500123,29280
0,37.769402,-122.50012,29400
0,37.7692,-122.500104,29520
0,37.769028,-122.499969,29640
0,37.768859,-122.499812,29760
0,37.768729,-122.499645,29880
0,37.768721,-122.499601,30000
0,37.768771,-122.499345,30120
0,37.768833,-122.499088,30240
0,37.768879,-122.498837,30360
0,37.768912,-122.498579,30480
0,37.768892,-122.498401,30600
0,37.768852,-122.498175,30720
0,37.768822,-122.498041,30840
0,37.76883,-122.497814,30960
0,37.768913,-122.497565,31080
0,37.768976,-122.49732,31200
0,37.769037,-122.497064,31320
0,37.769083,-122.496807,31440
0,37.769116,-122.49656,31560
0,37.769145,-122.496334,31680
0,37.769181,-122.496106,31800
0,37.76921,-122.495849,31920
0,37.769262,-122.495602,32040
0,37.769321,-122.495346,32160
0,37.769401,-122.495139,32280
0,37.769519,-122.494917,32400
0,37.769637,-122.494696,32520
0,37.769753,-122.494486,32640
0,37.769893,-122.494296,32760
0,37.770002,-122.49411,32880
0,37.770099,-122.493905,33000
0,37.770194,-122.49367,33120
0,37.770268,-122.493463,33240
0,37.770345,-122.493209,33360
0,37.770423,-122.49299,33480
0,37.770506,-122.492772,33600
0,37.770571,-122.49256,33720
0,37.770645,-122.492353,33840
0,37.77072,-122.492097,33960
0,37.770777,-122.491876,34080
0,37.770771,-122.491604,34200
0,37.770816,-122.491379,34320
0,37.770853,-122.491148,34440
0,37.770878,-122.490918,34560
0,37.770891,-122.490654,34680
0,37.770877,-122.490426,34800
0,37.770867,-122.490199,34920
0,37.770833,-122.489944,35040
0,37.770792,-122.48968,35160
0,37.770766,-122.489415,35280
0,37.770731,-122.489157,35400
0,37.770705,-122.4889,35520
0,37.770701,-122.488631,35640
0,37.770702,-122.488359,35760
0,37.770735,-122.488098,35880
0,37.770754,-122.487834,36000
0,37.77077,-122.487574,36120
0,37.770787,-122.487318,36240
0,37.770789,-122.487063,36360
0,37.770769,-122.48682,36480
0,37.770701,-122.486567,36600
0,37.770593,-122.486329,36720
0,37.77049,-122.486136,36840
0,37.770383,-122.485951,36960
0,37.770292,-122.485753,37080
0,37.770183,-122.485523,37200
0,37.770077,-122.485296,37320
0,37.769989,-122.485058,37440
0,37.769958,-122.484814,37560
0,37.76996,-122.484553,37680
0,37.770009,-122.484294,37800
0,37.770075,-122.484052,37920
0,37.770122,-122.483803,38040
0,37.770145,-122.483538,38160
0,37.770149,-122.483275,38280
0,37.770102,-122.483054,38400
0,37.770063,-122.482832,38520
0,37.770018,-122.482568,38640
0,37.769992,-122.482317,38760
0,37.769976,-122.482056,38880
0,37.769972,-122.481791,39000
0,37.769995,-122.481538,39120
0,37.770037,-122.48131,39240
0,37.770071,-122.481062,39360
0,37.770128,-122.480831,39480
0,37.770194,-122.480599,39600
0,37.770266,-122.480368,39720
0,37.770352,-122.480146,39840
0,37.770441,-122.479929,39960
0,37.770529,-122.479702,40080
0,37.770612,-122.479475,40200
0,37.770707,-122.479248,40320
0,37.770778,-122.478998,40440
0,37.770859,-122.478767,40560
0,37.770962,-122.478536,40680
0,37.771067,-122.478313,40800
0,37.771171,-122.478087,40920
0,37.771265,-122.477892,41040
0,37.77134,-122.477641,41160
0,37.771394,-122.477422,41280
0,37.771472,-122.477172,41400
0,37.771509,-122.476907,41520
0,37.771545,-122.476652,41640
0,37.771586,-122.476388,41760
0,37.771599,-122.476158,41880
0,37.771608,-122.475928,42000
0,37.771621,-122.475695,42120
0,37.771618,-122.475466,42240
0,37.771602,-122.475234,42360
0,37.771529,-122.474984,42480
0,37.77144,-122.474738,42600
0,37.771362,-122.474529,42720
0,37.771268,-122.474306,42840
0,37.771176,-122.474103,42960
0,37.771092,-122.473892,43080
0,37.771009,-122.473678,43200
0,37.770936,-122.473467,43320
0,37.770869,-122.473238,43440
0,37.77079,-122.473022,43560
0,37.770723,-122.472803,43680
0,37.770665,-122.472572,43800
0,37.770612,-122.472346,43920
0,37.770576,-122.472121,44040
0,37.770574,-122.471892,44160
0,37.770621,-122.471672,44280
0,37.770692,-122.471459,44400
0,37.770776,-122.471257,44520
0,37.770889,-122.47103,44640
0,37.771,-122.470846,44760
0,37.771121,-122.470672,44880
0,37.771247,-122.470507,45000
0,37.771396,-122.470312,45120
0,37.771522,-122.470148,45240
0,37.771647,-122.469978,45360
0,37.771779,-122.469819,45480
0,37.771923,-122.469628,45600
0,37.772053,-122.469428,45720
0,37.772168,-122.469199,45840
0,37.772255,-122.468957,45960
0,37.772316,-122.468739,46080
0,37.772362,-122.468518,46200
0,37.772376,-122.468289,46320
0,37.772387,-122.468021,46440
0,37.772398,-122.467756,46560
0,37.772402,-122.46752,46680
0,37.772421,-122.467288,46800
0,37.772415,-122.467053,46920
0,37.772405,-122.46682,47040
0,37.772433,-122.466583,47160
0,37.772445,-122.466348,47280
0,37.77246,-122.466121,47400
0,37.77246,-122.46586,47520
0,37.772484,-122.465782,47640
0,37.772683,-122.465723,47760
0,37.77278,-122.465534,47880
0,37.772774,-122.465434,48000
0,37.772757,-122.46518,48120
0,37.772716,-122.464936,48240
0,37.77264,-122.464702,48360
0,37.772598,-122.464479,48480
0,37.772534,-122.464245,48600
0,37.772466,-122.464028,48720
0,37.772381,-122.463772,48840
0,37.772316,-122.463554,48960
0,37.772244,-122.463331,49080
0,37.772168,-122.463076,49200
0,37.772109,-122.46286,49320
0,37.772042,-122.462604,49440
0,37.771977,-122.462352,49560
0,37.771948,-122.462113,49680
0,37.772094,-122.461934,49800
0,37.772201,-122.461717,49920
0,37.772302,-122.461501,50040
0,37.77246,-122.461341,50160
0,37.772651,-122.461225,50280
0,37.772811,-122.461074,50400
0,37.772954,-122.460903,50520
0,37.773044,-122.460672,50640
0,37.773096,-122.460417,50760
0,37.773143,-122.460162,50880
0,37.773171,-122.459915,51000
0,37.773204,-122.459664,51120
0,37.773246,-122.459429,51240
0,37.773283,-122.459181,51360
0,37.773334,-122.458924,51480
0,37.773382,-122.458667,51600
0,37.773452,-122.45844,51720
0,37.773524,-122.458194,51840
0,37.773574,-122.457935,51960
0,37.773629,-122.457677,52080
0,37.773652,-122.457445,52200
0,37.773668,-122.457183,52320
0,37.773643,-122.456917,52440
0,37.773628,-122.456745,52560
0,37.773736,-122.456572,52680
0,37.773886,-122.456376,52800
0,37.773986,-122.456143,52920
0,37.774075,-122.455921,53040
0,37.774171,-122.455707,53160
0,37.774334,-122.455553,53280
0,37.77444,-122.455372,53400
0,37.774525,-122.455153,53520
0,37.774617,-122.454926,53640
0,37.774668,-122.454833,53760
0,37.77469,-122.454692,53880
0,37.774693,-122.454602,54000
0,37.774851,-122.454558,54120
0,37.774917,-122.454341,54240
0,37.774972,-122.454124,54360
0,37.775011,-122.453875,54480
0,37.775025,-122.453671,54600
0,37.775035,-122.45345,54720
0,37.775067,-122.453206,54840
0,37.775098,-122.453049,54960
0,37.775282,-122.453036,55080
0,37.775313,-122.453037,55200
0,37.775505,-122.453027,55320
0,37.77561,-122.452982,55440
0,37.77576,-122.452889,55560
0,37.775971,-122.452954,55680
0,37.776172,-122.453003,55800
0,37.776367,-122.453062,55920
0,37.776555,-122.453088,56040
0,37.776742,-122.453096,56160
0,37.77677,-122.453058,56280
0,37.776815,-122.452828,56400
0,37.776835,-122.452734,56520
0,37.776881,-122.452494,56640
0,37.776894,-122.452265,56760
0,37.776933,-122.45201,56880
0,37.776959,-122.45178,57000
0,37.776958,-122.451549,57120
0,37.776994,-122.451318,57240
0,37.777036,-122.451087,57360
0,37.777085,-122.450854,57480
0,37.777129,-122.450618,57600
0,37.777161,-122.450376,57720
0,37.777181,-122.450141,57840
0,37.777211,-122.449888,57960
0,37.777249,-122.449639,58080
0,37.777279,-122.449392,58200
0,37.777235,-122.449304,58320
0,37.777096,-122.449271,58440
1,37.767307,-122.45664,120
1,37.767268,-122.456877,240
1,37.767152,-122.45708,360
1,37.766991,-122.457222,480
1,37.766965,-122.45724,600
1,37.766847,-122.457686,720
1,37.766859,-122.457945,840
1,37.766957,-122.458163,960
1,37.767128,-122.458281,1080
1,37.767167,-122.458355,1200
1,37.767118,-122.4585,1320
1,37.767154,-122.458594,1440
1,37.767332,-122.458644,1560
1,37.767447,-122.458842,1680
1,37.767476,-122.459069,1800
1,37.767495,-122.459327,1920
1,37.767521,-122.459567,2040
1,37.767565,-122.459814,2160
1,37.767554,-122.460068,2280
1,37.767547,-122.4603,2400
1,37.767604,-122.460541,2520
1,37.767508,-122.460743,2640
1,37.767362,-122.460928,2760
1,37.767257,-122.461137,2880
1,37.767153,-122.461342,3000
1,37.767045,-122.461554,3120
1,37.766971,-122.461774,3240
1,37.766921,-122.462006,3360
1,37.76696,-122.462267,3480
1,37.766969,-122.462523,3600
1,37.766949,-122.462793,3720
1,37.76691,-122.463047,3840
1,37.76684,-122.463283,3960
1,37.766773,-122.463513,4080
1,37.766692,-122.463744,4200
1,37.76661,-122.463977,4320
1,37.76655,-122.464225,4440
1,37.766485,-122.464471,4560
1,37.766402,-122.464719,4680
1,37.76634,-122.464963,4800
1,37.766277,-122.465212,4920
1,37.766243,-122.465455,5040
1,37.76626,-122.465711,5160
1,37.766319,-122.465962,5280
1,37.7664,-122.466198,5400
1,37.76658,-122.466303,5520
1,37.766774,-122.466341,5640
1,37.766983,-122.466384,5760
1,37.76718,-122.466408,5880
1,37.767374,-122.466458,6000
1,37.767565,-122.4665,6120
1,37.767725,-122.46661,6240
1,37.767891,-122.466729,6360
1,37.768035,-122.466877,6480
1,37.768153,-122.467081,6600
1,37.76827,-122.467298,6720
1,37.768396,-122.467493,6840
1,37.768502,-122.467701,6960
1,37.768606,-122.467923,7080
1,37.768752,-122.468098,7200
1,37.768933,-122.468161,7320
1,37.769112,-122.468076,7440
1,37.769263,-122.467918,7560
1,37.769396,-122.467746,7680
1,37.769557,-122.467745,7800
1,37.769675,-122.467596,7920
1,37.7698,-122.467403,8040
1,37.769934,-122.467223,8160
1,37.770065,-122.467035,8280
1,37.770199,-122.466847,8400
1,37.770334,-122.466663,8520
1,37.770463,-122.466474,8640
1,37.770592,-122.46629,8760
1,37.770731,-122.46613,8880
1,37.770918,-122.466049,9000
1,37.771122,-122.466029,9120
1,37.771333,-122.466015,9240
1,37.771537,-122.466047,9360
1,37.771743,-122.466117,9480
1,37.771948,-122.466162,9600
1,37.772154,-122.466206,9720
1,37.772343,-122.46622,9840
1,37.772459,-122.466208,9960
1,37.772475,-122.465995,10080
1,37.772503,-122.465786,10200
1,37.772694,-122.465754,10320
1,37.772774,-122.465552,10440
1,37.77276,-122.465378,10560
1,37.772722,-122.465117,10680
1,37.772696,-122.464882,10800
1,37.772632,-122.464653,10920
1,37.772569,-122.464435,11040
1,37.772495,-122.464193,11160
1,37.772412,-122.463949,11280
1,37.77234,-122.463704,11400
1,37.772256,-122.463468,11520
1,37.772193,-122.463227,11640
1,37.772135,-122.462974,11760
1,37.772065,-122.462731,11880
1,37.772006,-122.462494,12000
1,37.771951,-122.46225,12120
1,37.771904,-122.461997,12240
1,37.771835,-122.461746,12360
1,37.77178,-122.461494,12480
1,37.77174,-122.461241,12600
1,37.771698,-122.460996,12720
1,37.771673,-122.46075,12840
1,37.771638,-122.460502,12960
1,37.771602,-122.460251,13080
1,37.771576,-122.46,13200
1,37.771569,-122.459739,13320
1,37.771542,-122.459477,13440
1,37.771511,-122.459222,13560
1,37.771482,-122.45896,13680
1,37.771425,-122.458706,13800
1,37.771364,-122.458456,13920
1,37.77131,-122.458219,14040
1,37.771275,-122.457966,14160
1,37.77125,-122.45771,14280
1,37.771221,-122.457462,14400
1,37.771185,-122.457211,14520
1,37.771171,-122.45695,14640
1,37.771121,-122.456697,14760
1,37.771093,-122.456469,14880
1,37.771083,-122.456203,15000
1,37.771094,-122.455933,15120
1,37.771113,-122.455671,15240
1,37.771164,-122.455407,15360
1,37.77121,-122.455183,15480
1,37.771298,-122.454941,15600
1,37.771393,-122.454707,15720
1,37.771477,-122.454467,15840
1,37.771567,-122.454236,15960
1,37.771659,-122.454002,16080
1,37.771672,-122.453965,16200
1,37.771634,-122.453894,16320
1,37.771518,-122.45368,16440
1,37.771543,-122.453412,16560
1,37.77153,-122.453186,16680
1,37.771446,-122.452939,16800
1,37.771394,-122.452677,16920
1,37.771424,-122.452422,17040
1,37.771497,-122.452192,17160
1,37.771606,-122.451974,17280
1,37.771688,-122.451728,17400
1,37.771752,-122.451485,17520
1,37.77172,-122.451259,17640
1,37.77168,-122.451034,17760
1,37.771664,-122.450776,17880
1,37.771711,-122.450531,18000
1,37.771772,-122.450276,18120
1,37.771768,-122.450009,18240
1,37.771751,-122.449754,18360
1,37.771787,-122.44949,18480
1,37.771858,-122.449242,18600
1,37.771906,-122.448974,18720
1,37.771949,-122.448754,18840
1,37.771955,-122.448507,18960
1,37.77198,-122.448257,19080
1,37.771981,-122.448003,19200
1,37.772036,-122.447785,19320
1,37.77209,-122.447521,19440
1,37.772136,-122.447287,19560
1,37.772135,-122.447052,19680
1,37.772137,-122.446818,19800
1,37.772148,-122.446565,19920
1,37.772181,-122.446333,20040
1,37.772247,-122.446084,20160
1,37.77227,-122.446058,20280
1,37.772407,-122.44604,20400
1,37.772588,-122.446061,20520
1,37.772779,-122.446103,20640
1,37.772993,-122.446135,20760
1,37.773184,-122.44616,20880
1,37.773363,-122.446207,21000
1,37.773563,-122.446239,21120
1,37.773756,-122.44626,21240
1,37.77396,-122.446356,21360
1,37.774153,-122.446401,21480
1,37.774337,-122.446435,21600
1,37.774519,-122.446433,21720
1,37.774737,-122.446435,21840
1,37.774941,-122.446474,21960
1,37.775121,-122.446486,22080
1,37.77531,-122.446519,22200
1,37.775494,-122.446554,22320
1,37.775632,-122.446566,22440
1,37.775728,-122.446617,22560
1,37.775905,-122.446672,22680
1,37.776087,-122.446684,22800
1,37.776292,-122.446751,22920
1,37.776481,-122.446792,23040
1,37.776672,-122.446837,23160
1,37.776875,-122.44689,23280
1,37.777087,-122.446938,23400
1,37.777291,-122.446988,23520
1,37.777487,-122.447054,23640
1,37.77751,-122.447076,23760
1,37.777488,-122.447334,23880
1,37.777449,-122.447591,24000
1,37.77742,-122.447816,24120
1,37.777399,-122.448069,24240
1,37.777376,-122.448333,24360
1,37.777334,-122.448573,24480
1,37.777285,-122.448798,24600
1,37.77724,-122.449046,24720
1,37.777218,-122.449221,24840
2,37.767229,-122.456472,120
2,37.767211,-122.456586,240
2,37.767077,-122.456811,360
2,37.76688,-122.456899,480
2,37.766686,-122.456812,600
2,37.766576,-122.456587,720
2,37.766572,-122.45632,840
2,37.766583,-122.456056,960
2,37.76659,-122.455791,1080
2,37.766585,-122.455525,1200
2,37.766584,-122.45546,1320
2,37.766668,-122.455225,1440
2,37.766834,-122.455091,1560
2,37.767035,-122.455121,1680
2,37.767191,-122.455294,1800
2,37.767228,-122.455543,1920
2,37.767223,-122.455608,2040
2,37.767208,-122.455875,2160
2,37.767193,-122.45615,2280
2,37.767182,-122.456416,2400
2,37.767163,-122.456617,2520
2,37.767038,-122.456825,2640
2,37.766858,-122.456904,2760
2,37.766674,-122.456822,2880
2,37.766567,-122.456608,3000
2,37.766553,-122.456417,3120
2,37.766575,-122.45616,3240
2,37.766588,-122.4559,3360
2,37.766598,-122.455642,3480
2,37.766609,-122.455447,3600
2,37.766701,-122.455225,3720
2,37.766873,-122.455109,3840
2,37.767059,-122.455131,3960
2,37.767204,-122.455299,4080
2,37.767234,-122.455544,4200
2,37.767229,-122.455608,4320
2,37.767202,-122.45586,4440
2,37.76718,-122.456114,4560
2,37.767168,-122.45637,4680
2,37.767158,-122.456562,4800
2,37.76709,-122.456736,4920
2,37.766932,-122.456882,5040
2,37.766738,-122.456865,5160
2,37.766592,-122.456699,5280
2,37.766553,-122.456447,5400
2,37.766559,-122.456384,5520
2,37.766575,-122.456119,5640
2,37.766577,-122.455856,5760
2,37.76658,-122.455598,5880
2,37.766578,-122.455535,6000
2,37.766518,-122.455345,6120
2,37.766526,-122.455395,6240
2,37.766507,-122.455634,6360
2,37.766464,-122.455866,6480
2,37.766447,-122.455985,6600
2,37.766478,-122.45593,6720
2,37.766481,-122.455777,6840
2,37.766535,-122.455684,6960
2,37.766544,-122.455617,7080
2,37.766563,-122.455509,7200
2,37.766634,-122.45532,7320
2,37.766805,-122.455128,7440
2,37.767017,-122.455114,7560
2,37.767194,-122.455258,7680
2,37.767239,-122.455517,7800
2,37.767235,-122.455586,7920
2,37.767213,-122.45586,8040
2,37.767188,-122.456134,8160
2,37.767174,-122.456405,8280
2,37.767167,-122.456538,8400
2,37.767077,-122.456782,8520
2,37.766916,-122.456913,8640
2,37.766707,-122.456857,8760
2,37.766575,-122.456652,8880
2,37.766543,-122.456408,9000
2,37.766548,-122.45634,9120
2,37.766553,-122.456141,9240
2,37.766555,-122.455879,9360
2,37.766554,-122.455617,9480
2,37.766558,-122.455422,9600
2,37.766662,-122.455199,9720
2,37.766831,-122.455114,9840
2,37.767052,-122.455184,9960
2,37.76718,-122.455389,10080
2,37.767188,-122.455651,10200
2,37.767179,-122.455916,10320
2,37.767164,-122.456177,10440
2,37.767161,-122.456314,10560
2,37.76715,-122.456513,10680
2,37.767068,-122.456749,10800
2,37.7669,-122.456902,10920
2,37.766704,-122.456874,11040
2,37.766571,-122.456673,11160
2,37.766539,-122.456416,11280
2,37.766545,-122.456349,11400
2,37.766554,-122.456215,11520
2,37.766569,-122.455946,11640
2,37.766573,-122.455677,11760
2,37.766576,-122.455541,11880
2,37.766616,-122.455319,12000
2,37.766663,-122.455334,12120
2,37.766846,-122.455353,12240
2,37.767046,-122.455376,12360
2,37.767212,-122.455457,12480
2,37.767226,-122.455695,12600
2,37.767203,-122.455941,12720
2,37.767211,-122.456178,12840
2,37.767202,-122.456235,12960
2,37.767218,-122.456409,13080
2,37.767217,-122.456432,13200
2,37.767213,-122.45647,13320
2,37.767211,-122.456494,13440
2,37.767108,-122.456752,13560
2,37.766917,-122.45689,13680
2,37.766701,-122.456839,13800
2,37.766571,-122.456619,13920
2,37.76655,-122.456349,14040
2,37.766561,-122.456079,14160
2,37.766568,-122.455808,14280
2,37.76656,-122.455544,14400
2,37.766574,-122.455415,14520
2,37.766694,-122.455205,14640
2,37.766892,-122.455142,14760
2,37.767105,-122.455232,14880
2,37.767205,-122.455451,15000
2,37.767199,-122.455647,15120
2,37.767174,-122.455922,15240
2,37.767156,-122.456198,15360
2,37.767147,-122.456469,15480
2,37.767139,-122.456601,15600
2,37.767049,-122.45683,15720
2,37.766872,-122.456934,15840
2,37.766665,-122.456864,15960
2,37.766529,-122.456653,16080
2,37.766502,-122.456387,16200
2,37.766505,-122.456195,16320
2,37.766526,-122.455929,16440
2,37.766532,-122.455859,16560
2,37.76655,-122.455585,16680
2,37.76656,-122.455418,16800
2,37.766514,-122.455355,16920
2,37.766522,-122.455425,17040
2,37.766516,-122.45566,17160
2,37.766466,-122.455882,17280
2,37.766488,-122.455926,17400
2,37.766527,-122.455885,17520
2,37.766537,-122.455826,17640
2,37.766546,-122.455675,17760
2,37.766557,-122.455567,17880
2,37.76661,-122.455378,18000
2,37.766728,-122.455208,18120
2,37.766953,-122.45513,18240
2,37.767165,-122.455244,18360
2,37.76722,-122.455528,18480
2,37.76721,-122.455682,18600
2,37.767194,-122.455912,18720
2,37.76718,-122.456208,18840
2,37.767173,-122.456445,18960
2,37.76716,-122.456594,19080
2,37.76706,-122.456846,19200
2,37.766871,-122.456949,19320
2,37.766669,-122.456856,19440
2,37.76663,-122.456806,19560
2,37.766597,-122.456747,19680
2,37.766561,-122.45646,19800
2,37.766582,-122.456166,19920
2,37.766597,-122.455873,20040
2,37.766602,-122.455584,20160
2,37.766602,-122.455459,20280
2,37.766626,-122.455363,20400
2,37.766797,-122.455375,20520
2,37.76682,-122.455375,20640
2,37.767002,-122.455396,20760
2,37.767197,-122.455422,20880
2,37.767208,-122.455444,21000
2,37.767211,-122.455681,21120
2,37.767198,-122.455908,21240
2,37.767183,-122.456107,21360
2,37.767196,-122.456294,21480
2,37.767194,-122.456304,21600
2,37.767166,-122.456476,21720
2,37.767163,-122.456515,21840
2,37.767067,-122.456763,21960
2,37.767028,-122.45682,22080
2,37.766813,-122.456902,22200
2,37.766644,-122.456813,22320
2,37.76655,-122.45662,22440
2,37.766539,-122.456386,22560
2,37.766546,-122.456305,22680
2,37.766553,-122.456062,22800
2,37.766557,-122.455821,22920
2,37.766563,-122.455589,23040
2,37.766563,-122.455514,23160
2,37.766566,-122.455368,23280
2,37.766566,-122.455334,23400
2,37.767283,-122.45548,23520
2,37.767297,-122.455483,23640
2,37.767286,-122.45558,23760
2,37.767263,-122.455836,23880
2,37.767243,-122.456097,24000
2,37.767237,-122.456355,24120
2,37.767237,-122.456402,24240
2,37.7672,-122.456311,24360
2,37.767232,-122.456055,24480
2,37.767255,-122.455825,24600
2,37.767263,-122.455594,24720
2,37.767271,-122.455395,24840
2,37.76727,-122.45557,24960
2,37.76726,-122.455775,25080
2,37.767238,-122.456039,25200
2,37.767227,-122.456245,25320
2,37.767223,-122.456367,25440
2,37.767213,-122.456344,25560
2,37.767252,-122.456103,25680
2,37.767277,-122.455877,25800
2,37.767279,-122.455625,25920
2,37.767269,-122.455389,26040
2,37.767277,-122.455382,26160
2,37.767284,-122.455514,26280
2,37.767263,-122.455788,26400
2,37.76725,-122.456055,26520
2,37.767243,-122.45632,26640
2,37.767243,-122.456428,26760
3,37.777319,-122.449469,120
3,37.777313,-122.449425,240
3,37.777338,-122.449239,360
3,37.777381,-122.449006,480
3,37.777401,-122.448765,600
3,37.777426,-122.448518,720
3,37.777475,-122.448272,840
3,37.777506,-122.448024,960
3,37.777546,-122.447792,1080
3,37.777588,-122.447567,1200
3,37.777609,-122.447341,1320
3,37.777654,-122.447105,1440
3,37.777646,-122.447024,1560
3,37.777491,-122.446917,1680
3,37.777289,-122.446858,1800
3,37.777094,-122.446812,1920
3,37.776886,-122.446746,2040
3,37.776689,-122.446679,2160
3,37.776503,-122.44662,2280
3,37.776321,-122.446547,2400
3,37.776131,-122.446482,2520
3,37.775982,-122.446327,2640
3,37.775972,-122.446237,2760
3,37.775907,-122.446219,2880
3,37.775767,-122.446221,3000
3,37.77555,-122.446212,3120
3,37.775341,-122.446188,3240
3,37.775143,-122.446236,3360
3,37.774954,-122.446189,3480
3,37.774761,-122.446137,3600
3,37.774554,-122.446065,3720
3,37.774364,-122.446024,3840
3,37.774165,-122.445985,3960
3,37.773977,-122.445919,4080
3,37.773788,-122.445889,4200
3,37.773593,-122.445886,4320
3,37.773388,-122.445836,4440
3,37.773216,-122.445724,4560
3,37.773014,-122.445671,4680
3,37.772928,-122.445617,4800
3,37.772928,-122.445386,4920
3,37.772954,-122.44515,5040
3,37.772982,-122.444922,5160
3,37.772973,-122.44469,5280
3,37.772995,-122.444464,5400
3,37.773077,-122.444228,5520
3,37.773076,-122.44399,5640
3,37.773111,-122.443766,5760
3,37.773142,-122.443534,5880
3,37.773155,-122.4433,6000
3,37.773121,-122.443057,6120
3,37.773094,-122.442832,6240
3,37.77312,-122.442584,6360
3,37.77317,-122.442353,6480
3,37.773221,-122.442097,6600
3,37.773299,-122.441844,6720
3,37.773379,-122.441638,6840
3,37.773495,-122.441417,6960
3,37.773559,-122.441196,7080
3,37.773531,-122.441066,7200
3,37.773398,-122.440994,7320
3,37.773193,-122.440944,7440
3,37.772999,-122.440893,7560
3,37.772855,-122.440884,7680
3,37.772812,-122.441062,7800
3,37.772806,-122.441313,7920
3,37.77276,-122.441561,8040
3,37.772686,-122.44178,8160
3,37.772649,-122.442018,8280
3,37.772629,-122.442263,8400
3,37.772629,-122.442513,8520
3,37.772636,-122.442754,8640
3,37.772675,-122.443002,8760
3,37.772744,-122.443219,8880
3,37.772725,-122.443454,9000
3,37.772707,-122.443702,9120
3,37.772746,-122.44395,9240
3,37.772723,-122.444186,9360
3,37.772623,-122.444414,9480
3,37.772499,-122.444613,9600
3,37.772408,-122.444823,9720
3,37.772318,-122.445053,9840
3,37.772283,-122.445292,9960
3,37.77223,-122.445534,10080
3,37.772213,-122.445773,10200
3,37.772194,-122.446001,10320
3,37.772163,-122.446262,10440
3,37.772147,-122.446516,10560
3,37.772134,-122.446751,10680
3,37.772133,-122.447014,10800
3,37.772106,-122.447258,10920
3,37.77203,-122.44749,11040
3,37.771979,-122.447722,11160
3,37.771907,-122.447967,11280
3,37.771909,-122.448195,11400
3,37.771945,-122.44843,11520
3,37.771933,-122.448666,11640
3,37.77189,-122.448923,11760
3,37.771833,-122.449164,11880
3,37.771751,-122.449401,12000
3,37.771723,-122.449636,12120
3,37.77172,-122.449885,12240
3,37.771722,-122.450133,12360
3,37.771681,-122.450384,12480
3,37.771632,-122.450607,12600
3,37.771637,-122.450869,12720
3,37.771671,-122.451121,12840
3,37.771684,-122.451373,12960
3,37.771614,-122.451591,13080
3,37.771537,-122.451828,13200
3,37.771432,-122.452039,13320
3,37.771336,-122.452279,13440
3,37.771316,-122.452547,13560
3,37.771361,-122.452782,13680
3,37.771457,-122.453024,13800
3,37.771534,-122.453253,13920
3,37.771513,-122.453505,14040
3,37.771464,-122.453737,14160
3,37.771386,-122.454151,14280
3,37.771216,-122.454189,14400
3,37.771088,-122.454403,14520
3,37.770967,-122.454619,14640
3,37.770844,-122.454832,14760
3,37.770707,-122.455031,14880
3,37.770541,-122.455171,15000
3,37.770361,-122.455206,15120
3,37.77018,-122.455173,15240
3,37.769997,-122.455077,15360
3,37.769827,-122.454981,15480
3,37.769632,-122.454885,15600
3,37.769437,-122.454799,15720
3,37.769236,-122.454741,15840
3,37.769049,-122.454729,15960
3,37.768856,-122.454728,16080
3,37.768666,-122.45475,16200
3,37.768481,-122.454805,16320
3,37.768306,-122.45487,16440
3,37.768141,-122.455018,16560
3,37.768048,-122.455254,16680
3,37.767979,-122.455496,16800
3,37.767907,-122.455732,16920
3,37.767835,-122.455984,17040
3,37.767796,-122.456225,17160
3,37.767756,-122.456453,17280
3,37.767676,-122.456692,17400
3,37.767583,-122.456899,17520
3,37.767498,-122.457144,17640
3,37.767346,-122.457329,17760
3,37.767185,-122.457486,17880
3,37.766991,-122.457532,18000
3,37.766826,-122.45745,18120
3,37.766679,-122.457303,18240
3,37.766512,-122.457147,18360
3,37.766379,-122.456965,18480
3,37.766332,-122.456731,18600
3,37.76633,-122.456482,18720
3,37.766343,-122.456237,18840
3,37.766361,-122.455991,18960
3,37.766368,-122.455734,19080
3,37.766374,-122.455479,19200
3,37.76639,-122.455224,19320
3,37.766434,-122.454986,19440
3,37.766568,-122.454818,19560
3,37.766733,-122.454703,19680
3,37.766931,-122.454658,19800
3,37.767122,-122.4547,19920
3,37.767303,-122.454816,20040
3,37.76744,-122.454994,20160
3,37.767474,-122.455231,20280
3,37.767449,-122.45548,20400
3,37.767461,-122.455745,20520
3,37.767462,-122.456007,20640
3,37.767466,-122.456264,20760
3,37.767459,-122.456527,20880
3,37.767439,-122.456782,21000
3,37.767367,-122.457016,21120
3,37.767221,-122.457188,21240
3,37.767058,-122.457291,21360
3,37.766868,-122.457327,21480
3,37.766664,-122.457277,21600
3,37.766489,-122.457146,21720
3,37.766361,-122.456984,21840
3,37.766325,-122.456745,21960
3,37.766339,-122.456485,22080
3,37.766353,-122.456226,22200
3,37.766366,-122.455956,22320
3,37.766372,-122.455688,22440
3,37.766379,-122.455439,22560
3,37.766377,-122.455188,22680
3,37.766442,-122.45496,22800
3,37.766582,-122.454789,22920
3,37.766746,-122.454687,23040
3,37.766938,-122.454676,23160
3,37.767123,-122.454789,23280
3,37.767267,-122.454971,23400
3,37.767323,-122.455206,23520
4,37.77668,-122.448938,120
4,37.776778,-122.448836,240
4,37.777025,-122.449019,360
4,37.777065,-122.449035,480
4,37.777348,-122.449148,600
4,37.777365,-122.448979,720
4,37.777425,-122.448748,840
4,37.777474,-122.448483,960
4,37.7775,-122.448226,1080
4,37.777538,-122.447997,1200
4,37.777569,-122.447752,1320
4,37.777589,-122.447513,1440
4,37.777613,-122.447269,1560
4,37.777632,-122.447056,1680
4,37.777527,-122.446967,1800
4,37.777325,-122.446897,1920
4,37.777139,-122.446872,2040
4,37.776955,-122.44683,2160
4,37.776763,-122.446797,2280
4,37.776578,-122.446758,2400
4,37.776401,-122.446702,2520
4,37.776188,-122.446672,2640
4,37.776004,-122.446595,2760
4,37.775813,-122.446555,2880
4,37.775626,-122.446533,3000
4,37.775441,-122.446523,3120
4,37.775244,-122.44648,3240
4,37.775062,-122.44644,3360
4,37.77486,-122.446387,3480
4,37.774661,-122.446343,3600
4,37.774482,-122.446291,3720
4,37.774291,-122.446261,3840
4,37.774083,-122.446278,3960
4,37.773909,-122.446231,4080
4,37.773896,-122.446207,4200
4,37.773865,-122.445972,4320
4,37.773697,-122.445903,4440
4,37.77359,-122.445898,4560
4,37.773403,-122.445829,4680
4,37.773222,-122.445787,4800
4,37.773189,-122.44578,4920
4,37.773105,-122.445777,5040
4,37.772939,-122.445706,5160
4,37.772914,-122.44545,5280
4,37.772959,-122.445194,5400
4,37.772979,-122.444927,5520
4,37.772976,-122.444683,5640
4,37.773043,-122.444475,5760
4,37.773078,-122.444211,5880
4,37.773082,-122.443965,6000
4,37.773137,-122.44372,6120
4,37.773149,-122.443475,6240
4,37.773187,-122.443212,6360
4,37.773177,-122.442957,6480
4,37.773181,-122.442714,6600
4,37.773218,-122.442465,6720
4,37.773267,-122.442242,6840
4,37.773322,-122.441997,6960
4,37.773389,-122.441763,7080
4,37.773484,-122.441551,7200
4,37.77355,-122.441329,7320
4,37.773566,-122.441085,7440
4,37.773386,-122.441012,7560
4,37.773184,-122.440979,7680
4,37.772975,-122.44095,7800
4,37.772881,-122.440928,7920
4,37.772834,-122.44116,8040
4,37.772837,-122.441245,8160
4,37.772826,-122.441484,8280
4,37.772812,-122.441516,8400
4,37.772781,-122.441672,8520
4,37.772708,-122.441886,8640
4,37.772661,-122.442115,8760
4,37.772649,-122.442346,8880
4,37.772653,-122.442609,9000
4,37.772677,-122.442838,9120
4,37.772738,-122.443067,9240
4,37.772752,-122.443319,9360
4,37.77272,-122.443559,9480
4,37.772751,-122.443795,9600
4,37.772773,-122.444057,9720
4,37.772698,-122.444304,9840
4,37.772589,-122.4445,9960
4,37.772464,-122.444718,10080
4,37.772355,-122.444938,10200
4,37.772279,-122.445185,10320
4,37.772226,-122.445406,10440
4,37.7722,-122.445665,10560
4,37.772171,-122.445938,10680
4,37.772148,-122.446165,10800
4,37.772111,-122.446395,10920
4,37.772103,-122.446626,11040
4,37.772106,-122.446881,11160
4,37.772125,-122.447138,11280
4,37.772086,-122.447362,11400
4,37.772005,-122.447577,11520
4,37.771945,-122.447813,11640
4,37.77193,-122.447991,11760
4,37.771939,-122.448244,11880
4,37.771954,-122.448472,12000
4,37.771919,-122.448737,12120
4,37.771865,-122.448982,12240
4,37.771819,-122.449214,12360
4,37.771736,-122.449424,12480
4,37.771703,-122.449673,12600
4,37.771687,-122.449916,12720
4,37.771698,-122.450186,12840
4,37.771656,-122.450417,12960
4,37.771613,-122.45064,13080
4,37.771639,-122.450874,13200
4,37.771664,-122.451116,13320
4,37.771701,-122.451353,13440
4,37.77166,-122.451575,13560
4,37.771585,-122.4518,13680
4,37.771478,-122.452026,13800
4,37.771395,-122.452237,13920
4,37.77133,-122.452481,14040
4,37.771335,-122.452732,14160
4,37.771401,-122.452961,14280
4,37.771494,-122.453162,14400
4,37.771533,-122.453433,14520
4,37.7715,-122.453658,14640
4,37.771477,-122.453911,14760
4,37.771558,-122.454002,14880
4,37.771642,-122.454034,15000
4,37.771549,-122.454259,15120
4,37.771461,-122.454469,15240
4,37.771356,-122.454708,15360
4,37.771269,-122.454909,15480
4,37.771183,-122.45515,15600
4,37.771105,-122.455406,15720
4,37.77105,-122.45563,15840
4,37.770998,-122.45589,15960
4,37.770984,-122.456156,16080
4,37.770996,-122.456418,16200
4,37.77105,-122.456679,16320
4,37.771074,-122.456941,16440
4,37.771094,-122.457207,16560
4,37.771111,-122.457446,16680
4,37.771128,-122.457674,16800
4,37.771163,-122.457939,16920
4,37.771207,-122.458191,17040
4,37.771259,-122.458437,17160
4,37.771294,-122.458675,17280
4,37.771341,-122.458932,17400
4,37.771394,-122.459193,17520
4,37.771426,-122.459457,17640
4,37.771459,-122.45972,17760
4,37.771477,-122.45998,17880
4,37.77149,-122.460242,18000
4,37.771525,-122.46051,18120
4,37.771569,-122.460773,18240
4,37.771616,-122.46103,18360
4,37.771653,-122.461257,18480
4,37.771692,-122.461516,18600
4,37.771748,-122.461773,18720
4,37.771787,-122.461996,18840
4,37.771833,-122.462217,18960
4,37.771878,-122.462479,19080
4,37.771954,-122.462722,19200
4,37.77202,-122.462965,19320
4,37.772083,-122.463217,19440
4,37.772155,-122.463462,19560
4,37.772221,-122.463713,19680
4,37.772288,-122.463969,19800
4,37.772372,-122.4642,19920
4,37.77245,-122.464433,20040
4,37.772509,-122.464679,20160
4,37.772568,-122.464918,20280
4,37.772617,-122.465172,20400
4,37.772649,-122.465412,20520
4,37.772675,-122.465666,20640
4,37.772711,-122.465924,20760
4,37.772678,-122.466164,20880
4,37.772665,-122.466427,21000
4,37.772626,-122.466651,21120
4,37.77258,-122.466915,21240
4,37.772556,-122.46716,21360
4,37.772555,-122.467405,21480
4,37.772555,-122.467667,21600
4,37.772535,-122.467934,21720
4,37.772508,-122.46816,21840
4,37.772458,-122.468409,21960
4,37.772392,-122.468664,22080
4,37.772325,-122.468889,22200
4,37.77223,-122.469117,22320
4,37.772133,-122.469329,22440
4,37.772023,-122.469533,22560
4,37.771903,-122.469725,22680
4,37.771769,-122.469911,22800
4,37.771652,-122.470104,22920
4,37.77152,-122.4703,23040
4,37.771383,-122.470506,23160
4,37.771373,-122.470658,23280
4,37.77151,-122.470864,23400
4,37.771638,-122.471036,23520
4,37.771791,-122.471223,23640
4,37.771981,-122.471356,23760
4,37.772158,-122.471463,23880
4,37.772323,-122.471569,24000
4,37.772495,-122.471654,24120
4,37.772563,-122.471656,24240
4,37.772512,-122.471471,24360
4,37.77248,-122.471445,24480
4,37.77232,-122.471324,24600
4,37.772182,-122.471156,24720
4,37.772106,-122.470924,24840
4,37.772125,-122.470694,24960
4,37.772174,-122.470459,25080
4,37.772292,-122.470245,25200
4,37.772417,-122.470077,25320
4,37.772557,-122.469889,25440
4,37.77266,-122.469669,25560
4,37.772745,-122.469445,25680
4,37.772806,-122.469221,25800
4,37.772838,-122.468957,25920
4,37.772808,-122.468704,26040
4,37.772713,-122.468456,26160
4,37.772633,-122.468252,26280
4,37.77266,-122.468006,26400
4,37.772673,-122.467749,26520
4,37.772706,-122.467519,26640
4,37.77273,-122.467282,26760
4,37.772747,-122.467021,26880
4,37.772754,-122.466765,27000
4,37.772773,-122.466501,27120
4,37.772805,-122.466261,27240
4,37.772827,-122.466009,27360
4,37.772812,-122.46577,27480
4,37.772762,-122.465504,27600
4,37.772707,-122.465285,27720
4,37.772649,-122.465047,27840
4,37.772606,-122.464793,27960
4,37.772561,-122.464566,28080
4,37.77252,-122.464337,28200
4,37.77246,-122.464113,28320
4,37.772367,-122.463871,28440
4,37.772312,-122.463655,28560
4,37.772259,-122.463396,28680
4,37.772191,-122.463141,28800
4,37.772138,-122.462922,28920
4,37.772083,-122.462662,29040
4,37.772022,-122.462397,29160
4,37.771963,-122.462155,29280
4,37.771899,-122.461898,29400
4,37.771842,-122.461663,29520
4,37.771789,-122.46141,29640
4,37.771735,-122.461155,29760
4,37.771694,-122.460896,29880
4,37.771654,-122.46064,30000
4,37.771612,-122.460391,30120
4,37.771581,-122.460129,30240
4,37.771577,-122.459866,30360
4,37.771563,-122.459608,30480
4,37.77153,-122.459344,30600
4,37.771499,-122.459081,30720
4,37.771448,-122.45882,30840
4,37.771401,-122.458561,30960
4,37.771339,-122.458303,31080
4,37.771302,-122.458079,31200
4,37.771269,-122.457853,31320
4,37.771228,-122.457605,31440
4,37.771176,-122.457354,31560
4,37.771138,-122.457093,31680
4,37.771102,-122.456827,31800
4,37.771077,-122.456602,31920
4,37.771045,-122.456376,32040
4,37.771046,-122.456143,32160
4,37.771081,-122.45591,32280
4,37.771134,-122.455651,32400
4,37.771179,-122.455395,32520
4,37.771225,-122.455151,32640
4,37.771299,-122.454931,32760
4,37.771371,-122.454691,32880
4,37.771454,-122.45446,33000
4,37.771541,-122.454226,33120
4,37.771635,-122.454002,33240
4,37.771618,-122.45391,33360
4,37.771514,-122.453847,33480
4,37.771525,-122.453615,33600
4,37.771556,-122.45338,33720
4,37.771503,-122.453122,33840
4,37.771444,-122.4529,33960
4,37.771409,-122.452675,34080
4,37.771415,-122.452451,34200
4,37.771495,-122.452214,34320
4,37.771606,-122.451989,34440
4,37.771699,-122.451789,34560
4,37.771769,-122.451531,34680
4,37.771756,-122.4513,34800
4,37.771709,-122.451074,34920
4,37.77167,-122.450814,35040
4,37.771712,-122.450569,35160
4,37.771737,-122.450319,35280
4,37.771759,-122.450063,35400
4,37.771731,-122.449833,35520
4,37.771769,-122.449603,35640
4,37.771844,-122.449396,35760
4,37.771906,-122.449178,35880
4,37.771974,-122.448958,36000
4,37.772004,-122.448707,36120
4,37.771995,-122.448473,36240
4,37.771982,-122.448241,36360
4,37.771995,-122.447997,36480
4,37.772075,-122.447788,36600
4,37.772133,-122.44756,36720
4,37.772201,-122.447335,36840
4,37.772193,-122.44709,36960
4,37.772183,-122.446838,37080
4,37.772182,-122.446567,37200
4,37.772212,-122.44633,37320
4,37.772245,-122.446068,37440
4,37.772282,-122.445826,37560
4,37.772309,-122.445591,37680
4,37.77235,-122.445328,37800
4,37.772423,-122.445098,37920
4,37.772517,-122.444894,38040
4,37.772642,-122.444678,38160
4,37.772736,-122.444482,38280
4,37.772816,-122.444251,38400
4,37.772821,-122.444016,38520
4,37.772808,-122.443809,38640
4,37.772816,-122.443585,38760
4,37.772792,-122.443348,38880
4,37.772736,-122.443121,39000
4,37.772712,-122.442892,39120
4,37.772697,-122.442659,39240
4,37.772702,-122.442424,39360
4,37.772695,-122.442192,39480
4,37.772717,-122.441966,39600
4,37.772776,-122.441745,39720
4,37.772811,-122.441508,39840
4,37.772841,-122.441278,39960
4,37.772826,-122.441031,40080
4,37.772854,-122.440965,40200
4,37.773017,-122.441001,40320
4,37.773216,-122.441054,40440
4,37.773417,-122.441104,40560
4,37.773461,-122.441162,40680
4,37.773456,-122.441424,40800
4,37.77333,-122.441635,40920
4,37.77323,-122.441857,41040
4,37.773162,-122.442086,41160
4,37.773102,-122.442321,41280
4,37.773031,-122.442566,41400
4,37.773015,-122.442801,41520
4,37.773059,-122.443033,41640
4,37.773084,-122.443291,41760
4,37.773086,-122.443545,41880
4,37.773068,-122.443649,42000
4,37.773014,-122.443897,42120
4,37.773002,-122.444145,42240
4,37.772933,-122.444372,42360
4,37.772893,-122.444598,42480
4,37.772916,-122.444856,42600
4,37.772888,-122.445105,42720
4,37.77287,-122.445363,42840
4,37.772883,-122.445638,42960
4,37.772907,-122.445678,43080
4,37.773033,-122.445777,43200
4,37.773074,-122.445802,43320
4,37.773029,-122.446036,43440
4,37.773049,-122.446097,43560
4,37.773255,-122.446163,43680
4,37.773449,-122.446205,43800
4,37.77365,-122.446239,43920
4,37.773708,-122.446257,44040
4,37.773836,-122.446318,44160
4,37.774041,-122.446372,44280
4,37.774081,-122.44638,44400
4,37.77429,-122.446415,44520
4,37.77447,-122.446412,44640
4,37.774652,-122.446481,44760
4,37.774831,-122.446513,44880
4,37.775023,-122.44652,45000
4,37.775214,-122.446571,45120
4,37.77541,-122.446619,45240
4,37.775523,-122.446624,45360
4,37.775726,-122.446647,45480
4,37.775937,-122.446702,45600
4,37.776116,-122.446754,45720
4,37.776325,-122.446809,45840
4,37.77654,-122.44684,45960
4,37.776736,-122.446876,46080
4,37.776945,-122.446919,46200
4,37.777122,-122.446994,46320
4,37.777315,-122.447001,46440
4,37.777494,-122.447077,46560
4,37.777475,-122.447329,46680
4,37.777433,-122.447564,46800
4,37.777401,-122.447797,46920
4,37.777377,-122.448043,47040
4,37.777338,-122.448289,47160
4,37.777305,-122.448551,47280
4,37.777277,-122.448815,47400
4,37.777236,-122.449078,47520
4,37.777195,-122.44927,47640
4,37.777072,-122.449295,47760
4,37.777048,-122.449303,47880
